"PK parameter","GMFE"
"AUC",1.13234929186317
"CMAX",1.12271750810718
