"PK parameter","GMFE"
"AUC",1.07763696953081
"CMAX",1.02312655046336
