"PK parameter","GMFE"
"AUC",1.12118899589696
"CMAX",1.10205245709406
